1,A1100030,马克思主义基本原理,3,32 | 0 | 0 | 16,马克思主义学院,必修
2,A1100010,形势与政策,0,8 | 0 | 0 | 0,马克思主义学院,必修
3,A1050200,法语1,2,32 | 0 | 0 | 0,外国语学院,选修
4,A1050180,德语1,2,32 | 0 | 0 | 0,外国语学院,选修
5,A1050160,日语1,2,32 | 0 | 0 | 0,外国语学院,选修
6,A1050060,综合英语,4,64 | 0 | 0 | 0,外国语学院,选修
7,A1050080,高级口语,2,32 | 0 | 0 | 0,外国语学院,选修
8,A1050090,影视英语与文化,2,32 | 0 | 0 | 0,外国语学院,选修
9,A1050100,中国文化传播,2,32 | 0 | 0 | 0,外国语学院,选修
10,A1050110,英语国家社会与文化,2,32 | 0 | 0 | 0,外国语学院,选修
11,A1050120,国际职场文化,2,32 | 0 | 0 | 0,外国语学院,选修
12,A1050130,跨文化沟通,2,32 | 0 | 0 | 0,外国语学院,选修
13,A1050140,商务交际英语,2,32 | 0 | 0 | 0,外国语学院,选修
14,A1050150,科技英语,2,32 | 0 | 0 | 0,外国语学院,选修
15,A1090030,体育（俱乐部）,0.5,16 | 0 | 0 | 0,体育学院,选修
1,A2020361,电子电路基础C,3,48 | 0 | 0 | 0,光电工程学院,必修
2,A2020770,电磁场与电磁波B,3,48 | 0 | 0 | 0,光电工程学院,必修
3,A2021200,模拟电子电路实验,1,0 | 16 | 0 | 0,光电工程学院,必修
4,A2010650,可编程逻辑器件与应用,2.5,20 | 20 | 0 | 0,通信与信息工程学院,必修
5,A2010562,信号与系统C,3.5,56 | 0 | 0 | 0,通信与信息工程学院,必修
6,A2010110,电子系统综合设计实训(2),1,0 | 16 | 0 | 0,通信与信息工程学院,必修
7,A2010460,微处理器系统结构与嵌入式系统设计(2),2.5,20 | 20 | 0 | 0,通信与信息工程学院,必修
8,A2010570,信息论基础,2,32 | 0 | 0 | 0,通信与信息工程学院,选修
1,A2021350,电子电路基础B,3.5,40 | 16 | 0 | 0,光电工程学院,必修
2,A2080010,电装实习,1,0 | 0 | 1.0周 | 0,自动化学院,必修
3,A2010820,无线通信电波传播与天线,3,40 | 8 | 0 | 0,通信与信息工程学院,必修
4,A2010770,通信软件基础B,2,16 | 16 | 0 | 0,通信与信息工程学院,必修
5,A2010530,现代通信网络A,4,64 | 0 | 0 | 0,通信与信息工程学院,必修
6,A2010562,信号与系统C,3.5,56 | 0 | 0 | 0,通信与信息工程学院,必修
1,A2080010,电装实习,1,0 | 0 | 1.0周 | 0,自动化学院,必修
2,A2010790,通信软件开发与应用(1),3,32 | 16 | 0 | 0,通信与信息工程学院,必修
3,A2010730,数据分析基础,3,32 | 16 | 0 | 0,通信与信息工程学院,必修
4,A2010540,现代通信网络B,2.5,40 | 0 | 0 | 0,通信与信息工程学院,必修
5,A1040090,数据库技术及应用,3,32 | 16 | 0 | 0,计算机科学与技术学院,必修
1,A1110190,离散数学A,4,64 | 0 | 0 | 0,理学院,必修
2,A1090030,体育（俱乐部）,0.5,16 | 0 | 0 | 0,体育学院,必修
3,A1050160,日语1,2,32 | 0 | 0 | 0,外国语学院,选修
4,A1050200,法语1,2,32 | 0 | 0 | 0,外国语学院,选修
5,A1050180,德语1,2,32 | 0 | 0 | 0,外国语学院,选修
6,A1050060,综合英语,4,64 | 0 | 0 | 0,外国语学院,选修
7,A1050080,高级口语,2,32 | 0 | 0 | 0,外国语学院,选修
8,A1050090,影视英语与文化,2,32 | 0 | 0 | 0,外国语学院,选修
9,A1050100,中国文化传播,2,32 | 0 | 0 | 0,外国语学院,选修
10,A1050110,英语国家社会与文化,2,32 | 0 | 0 | 0,外国语学院,选修
11,A1050120,国际职场文化,2,32 | 0 | 0 | 0,外国语学院,选修
12,A1050130,跨文化沟通,2,32 | 0 | 0 | 0,外国语学院,选修
13,A1050140,商务交际英语,2,32 | 0 | 0 | 0,外国语学院,选修
14,A1050150,科技英语,2,32 | 0 | 0 | 0,外国语学院,选修
1,A2010910,三维动画脚本开发,3,0 | 0 | 3.0周 | 0,通信与信息工程学院,必修
2,A2010550,信号处理实验,1,0 | 16 | 0 | 0,通信与信息工程学院,必修
3,A2010260,数字信号处理A,3,48 | 0 | 0 | 0,通信与信息工程学院,必修
4,A2121910,三维动画基础,5,32 | 48 | 0 | 0,传媒艺术学院,必修
5,A2122000,用户体验分析与互动设计,4,0 | 64 | 0 | 0,传媒艺术学院,必修
6,A1110170,数学建模A,3,48 | 0 | 0 | 0,理学院,选修
1,A2011280,现代通信网技术,4,64 | 0 | 0 | 0,通信与信息工程学院,必修
2,A2010351,通信原理C,4.5,64 | 8 | 0 | 0,通信与信息工程学院,必修
3,A2010260,数字信号处理A,3,48 | 0 | 0 | 0,通信与信息工程学院,必修
4,A1110170,数学建模A,3,48 | 0 | 0 | 0,理学院,选修
5,A2010570,信息论基础,2,32 | 0 | 0 | 0,通信与信息工程学院,选修
1,A2010970,工程实践,1,0 | 0 | 4.0周 | 0,通信与信息工程学院,必修
2,A2021350,电子电路基础B,3.5,40 | 16 | 0 | 0,光电工程学院,必修
3,A2010530,现代通信网络A,4,64 | 0 | 0 | 0,通信与信息工程学院,必修
4,A2010562,信号与系统C,3.5,56 | 0 | 0 | 0,通信与信息工程学院,必修
5,A2010770,通信软件基础B,2,16 | 16 | 0 | 0,通信与信息工程学院,必修
6,A2010820,无线通信电波传播与天线,3,40 | 8 | 0 | 0,通信与信息工程学院,必修
7,A1100030,马克思主义基本原理,3,32 | 0 | 0 | 16,马克思主义学院,必修
8,A1090030,体育（俱乐部）,0.5,16 | 0 | 0 | 0,体育学院,必修
9,A1100010,形势与政策,0,8 | 0 | 0 | 0,马克思主义学院,必修
10,A1050200,法语1,2,32 | 0 | 0 | 0,外国语学院,选修
11,A1050180,德语1,2,32 | 0 | 0 | 0,外国语学院,选修
12,A1050160,日语1,2,32 | 0 | 0 | 0,外国语学院,选修
13,A1050060,综合英语,4,64 | 0 | 0 | 0,外国语学院,选修
14,A1050080,高级口语,2,32 | 0 | 0 | 0,外国语学院,选修
15,A1050090,影视英语与文化,2,32 | 0 | 0 | 0,外国语学院,选修
16,A1050100,中国文化传播,2,32 | 0 | 0 | 0,外国语学院,选修
17,A1050110,英语国家社会与文化,2,32 | 0 | 0 | 0,外国语学院,选修
18,A1050120,国际职场文化,2,32 | 0 | 0 | 0,外国语学院,选修
19,A1050130,跨文化沟通,2,32 | 0 | 0 | 0,外国语学院,选修
20,A1050140,商务交际英语,2,32 | 0 | 0 | 0,外国语学院,选修
21,A1050150,科技英语,2,32 | 0 | 0 | 0,外国语学院,选修
1,A2040510,算法分析与设计B,2.5,40 | 0 | 0 | 0,计算机科学与技术学院,必修
2,A2021200,模拟电子电路实验,1,0 | 16 | 0 | 0,光电工程学院,必修
3,A2011470,控制理论及控制系统仿真设计B,4,64 | 0 | 0 | 0,自动化学院,必修
4,A2020361,电子电路基础C,3,48 | 0 | 0 | 0,光电工程学院,必修
5,A2010481,无线通信电波传播,3,32 | 16 | 0 | 0,通信与信息工程学院,必修
6,A2010562,信号与系统C,3.5,56 | 0 | 0 | 0,通信与信息工程学院,必修
7,A1100010,形势与政策,0,8 | 0 | 0 | 0,马克思主义学院,必修
8,A1090030,体育（俱乐部）,0.5,16 | 0 | 0 | 0,体育学院,必修
9,A1050200,法语1,2,32 | 0 | 0 | 0,外国语学院,选修
10,A1110180,数学建模B,2,32 | 0 | 0 | 0,理学院,选修
11,A1050180,德语1,2,32 | 0 | 0 | 0,外国语学院,选修
12,A1050160,日语1,2,32 | 0 | 0 | 0,外国语学院,选修
13,A1050060,综合英语,4,64 | 0 | 0 | 0,外国语学院,选修
14,A1050080,高级口语,2,32 | 0 | 0 | 0,外国语学院,选修
15,A1050090,影视英语与文化,2,32 | 0 | 0 | 0,外国语学院,选修
16,A1050100,中国文化传播,2,32 | 0 | 0 | 0,外国语学院,选修
17,A1050110,英语国家社会与文化,2,32 | 0 | 0 | 0,外国语学院,选修
18,A1050120,国际职场文化,2,32 | 0 | 0 | 0,外国语学院,选修
19,A1050130,跨文化沟通,2,32 | 0 | 0 | 0,外国语学院,选修
20,A1050140,商务交际英语,2,32 | 0 | 0 | 0,外国语学院,选修
21,A1050150,科技英语,2,32 | 0 | 0 | 0,外国语学院,选修
1,A1100050,毛泽东思想和中国特色社会主义理论体系概论,6,48 | 0 | 1.5周 | 24,马克思主义学院,必修
2,A2010562,信号与系统C,3.5,56 | 0 | 0 | 0,通信与信息工程学院,必修
3,A2020360,电子电路基础A,3.5,56 | 0 | 0 | 0,光电工程学院,必修
4,A2020430,电磁场与电磁波(双语)A,3.5,56 | 0 | 0 | 0,光电工程学院,必修
5,A2020810,电子技术实验B,1.5,0 | 24 | 0 | 0,光电工程学院,必修
6,A2080010,电装实习,1,0 | 0 | 1.0周 | 0,自动化学院,必修
7,A1090030,体育（俱乐部）,0.5,16 | 0 | 0 | 0,体育学院,必修
8,A1050160,日语1,2,32 | 0 | 0 | 0,外国语学院,选修
9,A1050200,法语1,2,32 | 0 | 0 | 0,外国语学院,选修
10,A1050180,德语1,2,32 | 0 | 0 | 0,外国语学院,选修
11,A2020390,数字与逻辑电路基础,3,48 | 0 | 0 | 0,光电工程学院,选修
12,A2020400,数字与逻辑电路基础（双语）,3,48 | 0 | 0 | 0,光电工程学院,选修
13,A1050060,综合英语,4,64 | 0 | 0 | 0,外国语学院,选修
14,A1050080,高级口语,2,32 | 0 | 0 | 0,外国语学院,选修
15,A1050090,影视英语与文化,2,32 | 0 | 0 | 0,外国语学院,选修
16,A1050100,中国文化传播,2,32 | 0 | 0 | 0,外国语学院,选修
17,A1050110,英语国家社会与文化,2,32 | 0 | 0 | 0,外国语学院,选修
18,A1050120,国际职场文化,2,32 | 0 | 0 | 0,外国语学院,选修
19,A1050130,跨文化沟通,2,32 | 0 | 0 | 0,外国语学院,选修
20,A1050140,商务交际英语,2,32 | 0 | 0 | 0,外国语学院,选修
21,A1050150,科技英语,2,32 | 0 | 0 | 0,外国语学院,选修
1,A2080010,电装实习,1,0 | 0 | 1.0周 | 0,自动化学院,必修
2,A2020320,专业基础导论,3,48 | 0 | 0 | 0,光电工程学院,必修
3,A2020810,电子技术实验B,1.5,0 | 24 | 0 | 0,光电工程学院,必修
4,A2020270,物理光学,2.5,40 | 0 | 0 | 0,光电工程学院,必修
5,A2020360,电子电路基础A,3.5,56 | 0 | 0 | 0,光电工程学院,必修
6,A2020400,数字与逻辑电路基础（双语）,3,48 | 0 | 0 | 0,光电工程学院,必修
7,A1100050,毛泽东思想和中国特色社会主义理论体系概论,6,48 | 0 | 1.5周 | 24,马克思主义学院,必修
8,A2021490,光电信息综合实验,3,0 | 48 | 0 | 0,光电工程学院,必修
9,A2080620,误差理论与数据处理,2,32 | 0 | 0 | 0,自动化学院,选修
10,A1090030,体育（俱乐部）,0.5,16 | 0 | 0 | 0,体育学院,选修
1,A2031280,统计软件应用实践,1,0 | 0 | 1.0周 | 0,经济管理学院,必修
2,A2031290,统计学,3,48 | 0 | 0 | 0,经济管理学院,必修
3,A2030990,管理学A,3,48 | 0 | 0 | 0,经济管理学院,必修
4,A2030640,数据结构,4.5,56 | 16 | 0 | 0,经济管理学院,必修
5,A200001B,认识实习,1,0 | 0 | 1.0周 | 0,经济管理学院,必修
6,A1100020,思想道德修养与法律基础,3,20 | 0 | 1.0周 | 12,马克思主义学院,必修
7,A1090030,体育（俱乐部）,0.5,16 | 0 | 0 | 0,体育学院,必修
8,A1050200,法语1,2,32 | 0 | 0 | 0,外国语学院,选修
9,A1050180,德语1,2,32 | 0 | 0 | 0,外国语学院,选修
10,A1030070,Excel管理数据分析,2,16 | 16 | 0 | 0,经济管理学院,选修
11,A1050160,日语1,2,32 | 0 | 0 | 0,外国语学院,选修
12,A2030680,信息安全技术,2.5,32 | 8 | 0 | 0,经济管理学院,选修
13,A2030560,计算机系统结构与系统软件,3,48 | 0 | 0 | 0,经济管理学院,选修
14,A1050060,综合英语,4,64 | 0 | 0 | 0,外国语学院,选修
15,A1050080,高级口语,2,32 | 0 | 0 | 0,外国语学院,选修
16,A1050090,影视英语与文化,2,32 | 0 | 0 | 0,外国语学院,选修
17,A1050100,中国文化传播,2,32 | 0 | 0 | 0,外国语学院,选修
18,A1050110,英语国家社会与文化,2,32 | 0 | 0 | 0,外国语学院,选修
19,A1050120,国际职场文化,2,32 | 0 | 0 | 0,外国语学院,选修
20,A1050130,跨文化沟通,2,32 | 0 | 0 | 0,外国语学院,选修
21,A1050140,商务交际英语,2,32 | 0 | 0 | 0,外国语学院,选修
22,A1050150,科技英语,2,32 | 0 | 0 | 0,外国语学院,选修
1,A1100040,中国近现代史纲要,2,20 | 0 | 0 | 12,马克思主义学院,必修
2,A200001B,认识实习,1,0 | 0 | 1.0周 | 0,经济管理学院,必修
3,A2031280,统计软件应用实践,1,0 | 0 | 1.0周 | 0,经济管理学院,必修
4,A2031290,统计学,3,48 | 0 | 0 | 0,经济管理学院,必修
5,A2030060,国际经济学（双语）,3,48 | 0 | 0 | 0,经济管理学院,必修
6,A2030020,产业经济学,3,48 | 0 | 0 | 0,经济管理学院,必修
7,A2030150,金融学,3,48 | 0 | 0 | 0,经济管理学院,必修
8,A1090030,体育（俱乐部）,0.5,16 | 0 | 0 | 0,体育学院,必修
9,A2030250,项目投资可行性分析,2,32 | 0 | 0 | 0,经济管理学院,选修
10,A2030010,财政学,3,48 | 0 | 0 | 0,经济管理学院,选修
11,A2031250,市场营销学B,2,32 | 0 | 0 | 0,经济管理学院,选修
12,A1050160,日语1,2,32 | 0 | 0 | 0,外国语学院,选修
13,A1050200,法语1,2,32 | 0 | 0 | 0,外国语学院,选修
14,A1050180,德语1,2,32 | 0 | 0 | 0,外国语学院,选修
15,A1050060,综合英语,4,64 | 0 | 0 | 0,外国语学院,选修
16,A1050080,高级口语,2,32 | 0 | 0 | 0,外国语学院,选修
17,A1050090,影视英语与文化,2,32 | 0 | 0 | 0,外国语学院,选修
18,A1050100,中国文化传播,2,32 | 0 | 0 | 0,外国语学院,选修
19,A1050110,英语国家社会与文化,2,32 | 0 | 0 | 0,外国语学院,选修
20,A1050120,国际职场文化,2,32 | 0 | 0 | 0,外国语学院,选修
21,A1050130,跨文化沟通,2,32 | 0 | 0 | 0,外国语学院,选修
22,A1050140,商务交际英语,2,32 | 0 | 0 | 0,外国语学院,选修
23,A1050150,科技英语,2,32 | 0 | 0 | 0,外国语学院,选修
1,A1100040,中国近现代史纲要,2,20 | 0 | 0 | 12,马克思主义学院,必修
2,A2030490,工程项目管理,4,64 | 0 | 0 | 0,经济管理学院,必修
3,A2030720,智能楼宇工程模拟仿真,2,0 | 0 | 2.0周 | 0,经济管理学院,必修
4,A2031280,统计软件应用实践,1,0 | 0 | 1.0周 | 0,经济管理学院,必修
5,A2031290,统计学,3,48 | 0 | 0 | 0,经济管理学院,必修
6,A200004B,企业调查,1,0 | 0 | 1.0周 | 0,经济管理学院,必修
7,A2010330,通信施工技术实验,2,0 | 32 | 0 | 0,通信与信息工程学院,必修
8,A1090030,体育（俱乐部）,0.5,16 | 0 | 0 | 0,体育学院,必修
9,A1050180,德语1,2,32 | 0 | 0 | 0,外国语学院,选修
10,A1030090,电子商务概论,2,32 | 0 | 0 | 0,经济管理学院,选修
11,A1050160,日语1,2,32 | 0 | 0 | 0,外国语学院,选修
12,A1050200,法语1,2,32 | 0 | 0 | 0,外国语学院,选修
13,A1030040,数据库系统应用,3,32 | 16 | 0 | 0,经济管理学院,选修
14,A2031040,会计学,3,48 | 0 | 0 | 0,经济管理学院,选修
15,A1050060,综合英语,4,64 | 0 | 0 | 0,外国语学院,选修
16,A1050080,高级口语,2,32 | 0 | 0 | 0,外国语学院,选修
17,A1050090,影视英语与文化,2,32 | 0 | 0 | 0,外国语学院,选修
18,A1050100,中国文化传播,2,32 | 0 | 0 | 0,外国语学院,选修
19,A1050110,英语国家社会与文化,2,32 | 0 | 0 | 0,外国语学院,选修
20,A1050120,国际职场文化,2,32 | 0 | 0 | 0,外国语学院,选修
21,A1050130,跨文化沟通,2,32 | 0 | 0 | 0,外国语学院,选修
22,A1050140,商务交际英语,2,32 | 0 | 0 | 0,外国语学院,选修
23,A1050150,科技英语,2,32 | 0 | 0 | 0,外国语学院,选修
1,A1100040,中国近现代史纲要,2,20 | 0 | 0 | 12,马克思主义学院,必修
2,A1090030,体育（俱乐部）,0.5,16 | 0 | 0 | 0,体育学院,必修
3,A1050200,法语1,2,32 | 0 | 0 | 0,外国语学院,选修
4,A1050180,德语1,2,32 | 0 | 0 | 0,外国语学院,选修
5,A1050160,日语1,2,32 | 0 | 0 | 0,外国语学院,选修
6,A1030060,网页设计与制作,2,16 | 16 | 0 | 0,经济管理学院,选修
7,A1050060,综合英语,4,64 | 0 | 0 | 0,外国语学院,选修
8,A1050080,高级口语,2,32 | 0 | 0 | 0,外国语学院,选修
9,A1050090,影视英语与文化,2,32 | 0 | 0 | 0,外国语学院,选修
10,A1050100,中国文化传播,2,32 | 0 | 0 | 0,外国语学院,选修
11,A1050110,英语国家社会与文化,2,32 | 0 | 0 | 0,外国语学院,选修
12,A1050120,国际职场文化,2,32 | 0 | 0 | 0,外国语学院,选修
13,A1050130,跨文化沟通,2,32 | 0 | 0 | 0,外国语学院,选修
14,A1050140,商务交际英语,2,32 | 0 | 0 | 0,外国语学院,选修
15,A1050150,科技英语,2,32 | 0 | 0 | 0,外国语学院,选修
1,A200001B,认识实习,1,0 | 0 | 1.0周 | 0,经济管理学院,必修
2,A2031120,企业战略管理,3,48 | 0 | 0 | 0,经济管理学院,必修
3,A2030780,财务管理A,4,64 | 0 | 0 | 0,经济管理学院,必修
4,A2031160,商务策划书写作,2,32 | 0 | 0 | 0,经济管理学院,选修
5,A2030900,高级会计学,3,48 | 0 | 0 | 0,经济管理学院,选修
6,A2030760,财经法规,2,32 | 0 | 0 | 0,经济管理学院,选修
7,A2030080,宏观经济学,3,48 | 0 | 0 | 0,经济管理学院,选修
8,A2030150,金融学,3,48 | 0 | 0 | 0,经济管理学院,选修
9,A2031600,通信组织与运营管理,3,48 | 0 | 0 | 0,经济管理学院,选修
1,A200001B,认识实习,1,0 | 0 | 1.0周 | 0,经济管理学院,必修
2,A2030820,产品与定价管理,3,48 | 0 | 0 | 0,经济管理学院,必修
3,A2030870,分销与促销管理,3,48 | 0 | 0 | 0,经济管理学院,必修
4,A2031280,统计软件应用实践,1,0 | 0 | 1.0周 | 0,经济管理学院,必修
5,A2031290,统计学,3,48 | 0 | 0 | 0,经济管理学院,必修
6,A2031160,商务策划书写作,2,32 | 0 | 0 | 0,经济管理学院,选修
7,A2031380,营销专业英语,2,32 | 0 | 0 | 0,经济管理学院,选修
8,A2030760,财经法规,2,32 | 0 | 0 | 0,经济管理学院,选修
9,A2030080,宏观经济学,3,48 | 0 | 0 | 0,经济管理学院,选修
10,A2030230,通信经济学,3,48 | 0 | 0 | 0,经济管理学院,选修
1,A200001B,认识实习,1,0 | 0 | 1.0周 | 0,经济管理学院,必修
2,A2031280,统计软件应用实践,1,0 | 0 | 1.0周 | 0,经济管理学院,必修
3,A2031140,人力资源管理,3,48 | 0 | 0 | 0,经济管理学院,必修
4,A2031150,人力资源管理模拟,1,0 | 0 | 1.0周 | 0,经济管理学院,必修
5,A2031160,商务策划书写作,2,32 | 0 | 0 | 0,经济管理学院,必修
6,A2031290,统计学,3,48 | 0 | 0 | 0,经济管理学院,必修
7,A2031420,质量管理学,2,32 | 0 | 0 | 0,经济管理学院,选修
8,A2030960,管理沟通（双语）,2,32 | 0 | 0 | 0,经济管理学院,选修
9,A2030760,财经法规,2,32 | 0 | 0 | 0,经济管理学院,选修
10,A2030080,宏观经济学,3,48 | 0 | 0 | 0,经济管理学院,选修
11,A2030230,通信经济学,3,48 | 0 | 0 | 0,经济管理学院,选修
1,A1100040,中国近现代史纲要,2,20 | 0 | 0 | 12,马克思主义学院,必修
2,A1090030,体育（俱乐部）,0.5,16 | 0 | 0 | 0,体育学院,必修
3,A1050200,法语1,2,32 | 0 | 0 | 0,外国语学院,选修
4,A1050180,德语1,2,32 | 0 | 0 | 0,外国语学院,选修
5,A1050160,日语1,2,32 | 0 | 0 | 0,外国语学院,选修
6,A1050060,综合英语,4,64 | 0 | 0 | 0,外国语学院,选修
7,A1050080,高级口语,2,32 | 0 | 0 | 0,外国语学院,选修
8,A1050090,影视英语与文化,2,32 | 0 | 0 | 0,外国语学院,选修
9,A1050100,中国文化传播,2,32 | 0 | 0 | 0,外国语学院,选修
10,A1050110,英语国家社会与文化,2,32 | 0 | 0 | 0,外国语学院,选修
11,A1050120,国际职场文化,2,32 | 0 | 0 | 0,外国语学院,选修
12,A1050130,跨文化沟通,2,32 | 0 | 0 | 0,外国语学院,选修
13,A1050140,商务交际英语,2,32 | 0 | 0 | 0,外国语学院,选修
14,A1050150,科技英语,2,32 | 0 | 0 | 0,外国语学院,选修
1,A2031820,网络营销,3,32 | 16 | 0 | 0,经济管理学院,必修
2,A2032460,智能终端应用程序开发,3,32 | 16 | 0 | 0,经济管理学院,必修
3,A2031280,统计软件应用实践,1,0 | 0 | 1.0周 | 0,经济管理学院,必修
4,A2031290,统计学,3,48 | 0 | 0 | 0,经济管理学院,必修
5,A2031160,商务策划书写作,2,32 | 0 | 0 | 0,经济管理学院,选修
6,A2030070,国际贸易实务,2,16 | 16 | 0 | 0,经济管理学院,选修
7,A2030090,互联网金融,2,16 | 16 | 0 | 0,经济管理学院,选修
8,A1030050,计算机网络技术,3,32 | 16 | 0 | 0,经济管理学院,选修
9,A1085010,物联网导论,1,16 | 0 | 0 | 0,自动化学院,选修
10,A2031570,生产与运作管理,3,48 | 0 | 0 | 0,经济管理学院,选修
1,A2031530,供应链与采购管理,3.5,48 | 8 | 0 | 0,经济管理学院,必修
2,A2031720,邮政与快递服务管理,3,32 | 16 | 0 | 0,经济管理学院,必修
3,A2031630,物流企业管理沙盘模拟,1,0 | 0 | 1.0周 | 0,经济管理学院,必修
4,A2031280,统计软件应用实践,1,0 | 0 | 1.0周 | 0,经济管理学院,必修
5,A2031290,统计学,3,48 | 0 | 0 | 0,经济管理学院,必修
6,A2030790,财务管理B,3,48 | 0 | 0 | 0,经济管理学院,选修
7,A2030070,国际贸易实务,2,16 | 16 | 0 | 0,经济管理学院,选修
8,A1085010,物联网导论,1,16 | 0 | 0 | 0,自动化学院,选修
1,A2032000,SPSS软件应用,2,0 | 0 | 2.0周 | 0,经济管理学院,必修
2,A2032010,财务管理E,3,32 | 16 | 0 | 0,经济管理学院,必修
3,A2032020,东西方管理思想比较,0.5,8 | 0 | 0 | 0,经济管理学院,必修
4,A2031290,统计学,3,48 | 0 | 0 | 0,经济管理学院,必修
5,A2032160,微观经济学E,3,32 | 16 | 0 | 0,经济管理学院,必修
1,A2032160,微观经济学E,3,32 | 16 | 0 | 0,经济管理学院,必修
2,A2032000,SPSS软件应用,2,0 | 0 | 2.0周 | 0,经济管理学院,必修
3,A2032010,财务管理E,3,32 | 16 | 0 | 0,经济管理学院,必修
4,A2032020,东西方管理思想比较,0.5,8 | 0 | 0 | 0,经济管理学院,必修
5,A2031290,统计学,3,48 | 0 | 0 | 0,经济管理学院,必修
1,A2031290,统计学,3,48 | 0 | 0 | 0,经济管理学院,必修
2,A2032000,SPSS软件应用,2,0 | 0 | 2.0周 | 0,经济管理学院,必修
3,A2032200,产业经济学E,3,32 | 16 | 0 | 0,经济管理学院,必修
4,A2030200,经济学沙盘模拟实训,1,0 | 0 | 1.0周 | 0,经济管理学院,必修
5,A2030260,证券投资学,3,32 | 16 | 0 | 0,经济管理学院,必修
6,A2032230,宏观经济学E,3,32 | 16 | 0 | 0,经济管理学院,必修
7,A2032210,公司金融E,3,32 | 16 | 0 | 0,经济管理学院,选修
1,A2032160,微观经济学E,3,32 | 16 | 0 | 0,经济管理学院,必修
2,A2031290,统计学,3,48 | 0 | 0 | 0,经济管理学院,必修
3,A2032000,SPSS软件应用,2,0 | 0 | 2.0周 | 0,经济管理学院,必修
4,A2032010,财务管理E,3,32 | 16 | 0 | 0,经济管理学院,必修
5,A2032370,商务沟通与创业计划书写作,1,16 | 0 | 0 | 0,经济管理学院,必修
1,A2032520,邮政快递运作管理,3,32 | 16 | 0 | 0,经济管理学院,必修
2,A2031730,运筹学,3,48 | 0 | 0 | 0,经济管理学院,必修
3,A2031550,基于JAVA的面向对象程序设计,4,48 | 16 | 0 | 0,经济管理学院,必修
4,A2030990,管理学A,3,48 | 0 | 0 | 0,经济管理学院,必修
5,A2031280,统计软件应用实践,1,0 | 0 | 1.0周 | 0,经济管理学院,必修
6,A2031290,统计学,3,48 | 0 | 0 | 0,经济管理学院,必修
7,A200004B,企业调查,1,0 | 0 | 1.0周 | 0,经济管理学院,必修
8,A1100050,毛泽东思想和中国特色社会主义理论体系概论,6,48 | 0 | 1.5周 | 24,马克思主义学院,必修
9,A1090030,体育（俱乐部）,0.5,16 | 0 | 0 | 0,体育学院,必修
10,A1085010,物联网导论,1,16 | 0 | 0 | 0,自动化学院,选修
11,A1050200,法语1,2,32 | 0 | 0 | 0,外国语学院,选修
12,A1050180,德语1,2,32 | 0 | 0 | 0,外国语学院,选修
13,A1030030,C语言程序设计,3,32 | 16 | 0 | 0,经济管理学院,选修
14,A1050160,日语1,2,32 | 0 | 0 | 0,外国语学院,选修
15,A1030050,计算机网络技术,3,32 | 16 | 0 | 0,经济管理学院,选修
16,A2030790,财务管理B,3,48 | 0 | 0 | 0,经济管理学院,选修
17,A1050060,综合英语,4,64 | 0 | 0 | 0,外国语学院,选修
18,A1050080,高级口语,2,32 | 0 | 0 | 0,外国语学院,选修
19,A1050090,影视英语与文化,2,32 | 0 | 0 | 0,外国语学院,选修
20,A1050100,中国文化传播,2,32 | 0 | 0 | 0,外国语学院,选修
21,A1050110,英语国家社会与文化,2,32 | 0 | 0 | 0,外国语学院,选修
22,A1050120,国际职场文化,2,32 | 0 | 0 | 0,外国语学院,选修
23,A1050130,跨文化沟通,2,32 | 0 | 0 | 0,外国语学院,选修
24,A1050140,商务交际英语,2,32 | 0 | 0 | 0,外国语学院,选修
25,A1050150,科技英语,2,32 | 0 | 0 | 0,外国语学院,选修
1,A1090030,体育（俱乐部）,0.5,16 | 0 | 0 | 0,体育学院,必修
2,A1050160,日语1,2,32 | 0 | 0 | 0,外国语学院,选修
3,A1050200,法语1,2,32 | 0 | 0 | 0,外国语学院,选修
4,A1050180,德语1,2,32 | 0 | 0 | 0,外国语学院,选修
5,A1050060,综合英语,4,64 | 0 | 0 | 0,外国语学院,选修
6,A1050080,高级口语,2,32 | 0 | 0 | 0,外国语学院,选修
7,A1050090,影视英语与文化,2,32 | 0 | 0 | 0,外国语学院,选修
8,A1050100,中国文化传播,2,32 | 0 | 0 | 0,外国语学院,选修
9,A1050110,英语国家社会与文化,2,32 | 0 | 0 | 0,外国语学院,选修
10,A1050120,国际职场文化,2,32 | 0 | 0 | 0,外国语学院,选修
11,A1050130,跨文化沟通,2,32 | 0 | 0 | 0,外国语学院,选修
12,A1050140,商务交际英语,2,32 | 0 | 0 | 0,外国语学院,选修
13,A1050150,科技英语,2,32 | 0 | 0 | 0,外国语学院,选修
1,A2040710,综合地理学,2,32 | 0 | 0 | 0,计算机科学与技术学院,必修
2,A2040270,集中上机（C++/Java）,1,0 | 0 | 1.0周 | 0,计算机科学与技术学院,必修
3,A2040100,数据库原理,4,48 | 16 | 0 | 0,计算机科学与技术学院,必修
4,A2040060,计算机组织与结构,3.5,40 | 16 | 0 | 0,计算机科学与技术学院,选修
5,A2040030,操作系统,3,48 | 0 | 0 | 0,计算机科学与技术学院,选修
6,A2040360,面向对象程序设计-C++,3,32 | 16 | 0 | 0,计算机科学与技术学院,选修
7,A2040370,面向对象程序设计-JAVA,3,32 | 16 | 0 | 0,计算机科学与技术学院,选修
8,A1110180,数学建模B,2,32 | 0 | 0 | 0,理学院,选修
9,A2110180,计算方法,2,32 | 0 | 0 | 0,理学院,选修
1,A2040630,应用密码学,4,48 | 16 | 0 | 0,网络空间安全与信息法学院,必修
2,A2040300,课程设计（计算机网络）,1,0 | 0 | 1.0周 | 0,计算机科学与技术学院,必修
3,A2040200,课程设计(操作系统),1,0 | 0 | 1.0周 | 0,计算机科学与技术学院,必修
4,A2040050,计算机网络B,3,48 | 0 | 0 | 0,计算机科学与技术学院,必修
5,A2040030,操作系统,3,48 | 0 | 0 | 0,计算机科学与技术学院,必修
6,A2040100,数据库原理,4,48 | 16 | 0 | 0,计算机科学与技术学院,必修
7,A2040360,面向对象程序设计-C++,3,32 | 16 | 0 | 0,计算机科学与技术学院,选修
8,A2040370,面向对象程序设计-JAVA,3,32 | 16 | 0 | 0,计算机科学与技术学院,选修
9,A1110180,数学建模B,2,32 | 0 | 0 | 0,理学院,选修
10,A2110180,计算方法,2,32 | 0 | 0 | 0,理学院,选修
1,A2040510,算法分析与设计B,2.5,40 | 0 | 0 | 0,计算机科学与技术学院,必修
2,A2040270,集中上机（C++/Java）,1,0 | 0 | 1.0周 | 0,计算机科学与技术学院,必修
3,A2040100,数据库原理,4,48 | 16 | 0 | 0,计算机科学与技术学院,必修
4,A2040051,计算机网络A,4,48 | 16 | 0 | 0,计算机科学与技术学院,选修
5,A2040030,操作系统,3,48 | 0 | 0 | 0,计算机科学与技术学院,选修
6,A2040360,面向对象程序设计-C++,3,32 | 16 | 0 | 0,计算机科学与技术学院,选修
7,A2040370,面向对象程序设计-JAVA,3,32 | 16 | 0 | 0,计算机科学与技术学院,选修
8,A1110180,数学建模B,2,32 | 0 | 0 | 0,理学院,选修
9,A2110180,计算方法,2,32 | 0 | 0 | 0,理学院,选修
1,A2040330,空间信息与数字技术基础,4,48 | 16 | 0 | 0,计算机科学与技术学院,必修
2,A2040270,集中上机（C++/Java）,1,0 | 0 | 1.0周 | 0,计算机科学与技术学院,必修
3,A2040200,课程设计(操作系统),1,0 | 0 | 1.0周 | 0,计算机科学与技术学院,必修
4,A2040060,计算机组织与结构,3.5,40 | 16 | 0 | 0,计算机科学与技术学院,必修
5,A2040030,操作系统,3,48 | 0 | 0 | 0,计算机科学与技术学院,必修
6,A2040100,数据库原理,4,48 | 16 | 0 | 0,计算机科学与技术学院,必修
7,A2040360,面向对象程序设计-C++,3,32 | 16 | 0 | 0,计算机科学与技术学院,选修
8,A2040370,面向对象程序设计-JAVA,3,32 | 16 | 0 | 0,计算机科学与技术学院,选修
9,A1110180,数学建模B,2,32 | 0 | 0 | 0,理学院,选修
10,A2110180,计算方法,2,32 | 0 | 0 | 0,理学院,选修
1,A2040270,集中上机（C++/Java）,1,0 | 0 | 1.0周 | 0,计算机科学与技术学院,必修
2,A2040200,课程设计(操作系统),1,0 | 0 | 1.0周 | 0,计算机科学与技术学院,必修
3,A2040060,计算机组织与结构,3.5,40 | 16 | 0 | 0,计算机科学与技术学院,必修
4,A2040030,操作系统,3,48 | 0 | 0 | 0,计算机科学与技术学院,必修
5,A2040100,数据库原理,4,48 | 16 | 0 | 0,计算机科学与技术学院,必修
6,A2040360,面向对象程序设计-C++,3,32 | 16 | 0 | 0,计算机科学与技术学院,选修
7,A2040370,面向对象程序设计-JAVA,3,32 | 16 | 0 | 0,计算机科学与技术学院,选修
8,A1110180,数学建模B,2,32 | 0 | 0 | 0,理学院,选修
9,A2040511,算法分析与设计C,2,32 | 0 | 0 | 0,计算机科学与技术学院,选修
10,A2110180,计算方法,2,32 | 0 | 0 | 0,理学院,选修
1,A2040270,集中上机（C++/Java）,1,0 | 0 | 1.0周 | 0,计算机科学与技术学院,必修
2,A2040200,课程设计(操作系统),1,0 | 0 | 1.0周 | 0,计算机科学与技术学院,必修
3,A2040060,计算机组织与结构,3.5,40 | 16 | 0 | 0,计算机科学与技术学院,必修
4,A2040100,数据库原理,4,48 | 16 | 0 | 0,计算机科学与技术学院,必修
5,A2040030,操作系统,3,48 | 0 | 0 | 0,计算机科学与技术学院,选修
6,A2040360,面向对象程序设计-C++,3,32 | 16 | 0 | 0,计算机科学与技术学院,选修
7,A2040370,面向对象程序设计-JAVA,3,32 | 16 | 0 | 0,计算机科学与技术学院,选修
1,A2040030,操作系统,3,48 | 0 | 0 | 0,计算机科学与技术学院,必修
2,A2040060,计算机组织与结构,3.5,40 | 16 | 0 | 0,计算机科学与技术学院,必修
3,A2040200,课程设计(操作系统),1,0 | 0 | 1.0周 | 0,计算机科学与技术学院,必修
4,A2040100,数据库原理,4,48 | 16 | 0 | 0,计算机科学与技术学院,必修
5,A1090030,体育（俱乐部）,0.5,16 | 0 | 0 | 0,体育学院,必修
6,A1050160,日语1,2,32 | 0 | 0 | 0,外国语学院,选修
7,A1050200,法语1,2,32 | 0 | 0 | 0,外国语学院,选修
8,A1050180,德语1,2,32 | 0 | 0 | 0,外国语学院,选修
9,A1110180,数学建模B,2,32 | 0 | 0 | 0,理学院,选修
10,A2040511,算法分析与设计C,2,32 | 0 | 0 | 0,计算机科学与技术学院,选修
11,A2040360,面向对象程序设计-C++,3,32 | 16 | 0 | 0,计算机科学与技术学院,选修
12,A2040370,面向对象程序设计-JAVA,3,32 | 16 | 0 | 0,计算机科学与技术学院,选修
13,A1050060,综合英语,4,64 | 0 | 0 | 0,外国语学院,选修
14,A1050080,高级口语,2,32 | 0 | 0 | 0,外国语学院,选修
15,A1050090,影视英语与文化,2,32 | 0 | 0 | 0,外国语学院,选修
16,A1050100,中国文化传播,2,32 | 0 | 0 | 0,外国语学院,选修
17,A1050110,英语国家社会与文化,2,32 | 0 | 0 | 0,外国语学院,选修
18,A1050120,国际职场文化,2,32 | 0 | 0 | 0,外国语学院,选修
19,A1050130,跨文化沟通,2,32 | 0 | 0 | 0,外国语学院,选修
20,A1050140,商务交际英语,2,32 | 0 | 0 | 0,外国语学院,选修
21,A1050150,科技英语,2,32 | 0 | 0 | 0,外国语学院,选修
1,A2040300,课程设计（计算机网络）,1,0 | 0 | 1.0周 | 0,计算机科学与技术学院,必修
2,A2040100,数据库原理,4,48 | 16 | 0 | 0,计算机科学与技术学院,必修
3,A2040200,课程设计(操作系统),1,0 | 0 | 1.0周 | 0,计算机科学与技术学院,必修
4,A2040030,操作系统,3,48 | 0 | 0 | 0,计算机科学与技术学院,必修
5,A2040050,计算机网络B,3,48 | 0 | 0 | 0,计算机科学与技术学院,必修
6,A2040630,应用密码学,4,48 | 16 | 0 | 0,网络空间安全与信息法学院,必修
7,A1090030,体育（俱乐部）,0.5,16 | 0 | 0 | 0,体育学院,必修
8,A1050160,日语1,2,32 | 0 | 0 | 0,外国语学院,选修
9,A1050200,法语1,2,32 | 0 | 0 | 0,外国语学院,选修
10,A1050180,德语1,2,32 | 0 | 0 | 0,外国语学院,选修
11,A1110180,数学建模B,2,32 | 0 | 0 | 0,理学院,选修
12,A2040360,面向对象程序设计-C++,3,32 | 16 | 0 | 0,计算机科学与技术学院,选修
13,A2040370,面向对象程序设计-JAVA,3,32 | 16 | 0 | 0,计算机科学与技术学院,选修
14,A2110180,计算方法,2,32 | 0 | 0 | 0,理学院,选修
15,A1050060,综合英语,4,64 | 0 | 0 | 0,外国语学院,选修
16,A1050080,高级口语,2,32 | 0 | 0 | 0,外国语学院,选修
17,A1050090,影视英语与文化,2,32 | 0 | 0 | 0,外国语学院,选修
18,A1050100,中国文化传播,2,32 | 0 | 0 | 0,外国语学院,选修
19,A1050110,英语国家社会与文化,2,32 | 0 | 0 | 0,外国语学院,选修
20,A1050120,国际职场文化,2,32 | 0 | 0 | 0,外国语学院,选修
21,A1050130,跨文化沟通,2,32 | 0 | 0 | 0,外国语学院,选修
22,A1050140,商务交际英语,2,32 | 0 | 0 | 0,外国语学院,选修
23,A1050150,科技英语,2,32 | 0 | 0 | 0,外国语学院,选修
1,A2050140,翻译理论与实践,2,32 | 0 | 0 | 0,外国语学院,必修
2,A1100050,毛泽东思想和中国特色社会主义理论体系概论,6,48 | 0 | 1.5周 | 24,马克思主义学院,必修
3,A2050440,文学导论,2,32 | 0 | 0 | 0,外国语学院,必修
4,A2050790,专业导论2,1,16 | 0 | 0 | 0,外国语学院,必修
5,A2051130,读书工程,1,0 | 16 | 0 | 0,外国语学院,必修
6,A2050370,日语2,3,32 | 0 | 0 | 16,外国语学院,选修
7,A2050410,商务英语视听说,2,16 | 16 | 0 | 0,外国语学院,选修
8,A2050420,商务英语阅读与写作,2,16 | 16 | 0 | 0,外国语学院,选修
9,A2050110,法语2,3,32 | 0 | 0 | 16,外国语学院,选修
10,A2050050,德语2,3,32 | 0 | 0 | 16,外国语学院,选修
11,A2050190,韩语2,3,32 | 0 | 0 | 16,外国语学院,选修
12,A1030060,网页设计与制作,2,16 | 16 | 0 | 0,经济管理学院,选修
13,A2051220,英汉语言对比,2,32 | 0 | 0 | 0,外国语学院,选修
14,A1090030,体育（俱乐部）,0.5,16 | 0 | 0 | 0,体育学院,选修
1,A2060640,生命信息感知,3,48 | 0 | 0 | 0,生物信息学院,必修
2,A2060710,生物医学统计学,3,32 | 16 | 0 | 0,生物信息学院,必修
3,A2010560,信号与系统B,4,64 | 0 | 0 | 0,通信与信息工程学院,必修
4,A1040100,计算机网络技术,3,32 | 16 | 0 | 0,计算机科学与技术学院,必修
5,A1100050,毛泽东思想和中国特色社会主义理论体系概论,6,48 | 0 | 1.5周 | 24,马克思主义学院,必修
6,A1090030,体育（俱乐部）,0.5,16 | 0 | 0 | 0,体育学院,必修
7,A1050200,法语1,2,32 | 0 | 0 | 0,外国语学院,选修
8,A1050180,德语1,2,32 | 0 | 0 | 0,外国语学院,选修
9,A1050160,日语1,2,32 | 0 | 0 | 0,外国语学院,选修
10,A1050060,综合英语,4,64 | 0 | 0 | 0,外国语学院,选修
11,A1050080,高级口语,2,32 | 0 | 0 | 0,外国语学院,选修
12,A1050090,影视英语与文化,2,32 | 0 | 0 | 0,外国语学院,选修
13,A1050100,中国文化传播,2,32 | 0 | 0 | 0,外国语学院,选修
14,A1050110,英语国家社会与文化,2,32 | 0 | 0 | 0,外国语学院,选修
15,A1050120,国际职场文化,2,32 | 0 | 0 | 0,外国语学院,选修
16,A1050130,跨文化沟通,2,32 | 0 | 0 | 0,外国语学院,选修
17,A1050140,商务交际英语,2,32 | 0 | 0 | 0,外国语学院,选修
18,A1050150,科技英语,2,32 | 0 | 0 | 0,外国语学院,选修
1,A2060640,生命信息感知,3,48 | 0 | 0 | 0,生物信息学院,必修
2,A2060710,生物医学统计学,3,32 | 16 | 0 | 0,生物信息学院,必修
3,A2010560,信号与系统B,4,64 | 0 | 0 | 0,通信与信息工程学院,必修
4,A1040100,计算机网络技术,3,32 | 16 | 0 | 0,计算机科学与技术学院,必修
5,A1100050,毛泽东思想和中国特色社会主义理论体系概论,6,48 | 0 | 1.5周 | 24,马克思主义学院,必修
6,A1090030,体育（俱乐部）,0.5,16 | 0 | 0 | 0,体育学院,必修
7,A1050160,日语1,2,32 | 0 | 0 | 0,外国语学院,选修
8,A1050170,日语2,2,32 | 0 | 0 | 0,外国语学院,选修
9,A1050180,德语1,2,32 | 0 | 0 | 0,外国语学院,选修
10,A1050190,德语2,2,32 | 0 | 0 | 0,外国语学院,选修
11,A1050200,法语1,2,32 | 0 | 0 | 0,外国语学院,选修
12,A1050210,法语2,2,32 | 0 | 0 | 0,外国语学院,选修
13,A1050080,高级口语,2,32 | 0 | 0 | 0,外国语学院,选修
14,A1050090,影视英语与文化,2,32 | 0 | 0 | 0,外国语学院,选修
15,A1050100,中国文化传播,2,32 | 0 | 0 | 0,外国语学院,选修
16,A1050110,英语国家社会与文化,2,32 | 0 | 0 | 0,外国语学院,选修
17,A1050120,国际职场文化,2,32 | 0 | 0 | 0,外国语学院,选修
18,A1050130,跨文化沟通,2,32 | 0 | 0 | 0,外国语学院,选修
19,A1050140,商务交际英语,2,32 | 0 | 0 | 0,外国语学院,选修
20,A1050150,科技英语,2,32 | 0 | 0 | 0,外国语学院,选修
1,A2040300,课程设计（计算机网络）,1,0 | 0 | 1.0周 | 0,计算机科学与技术学院,必修
2,A2040100,数据库原理,4,48 | 16 | 0 | 0,计算机科学与技术学院,必修
3,A2040030,操作系统,3,48 | 0 | 0 | 0,计算机科学与技术学院,必修
4,A2040050,计算机网络B,3,48 | 0 | 0 | 0,计算机科学与技术学院,必修
5,A2040630,应用密码学,4,48 | 16 | 0 | 0,网络空间安全与信息法学院,必修
6,A2040200,课程设计(操作系统),1,0 | 0 | 1.0周 | 0,计算机科学与技术学院,必修
7,A1090030,体育（俱乐部）,0.5,16 | 0 | 0 | 0,体育学院,必修
8,A1050160,日语1,2,32 | 0 | 0 | 0,外国语学院,选修
9,A1110180,数学建模B,2,32 | 0 | 0 | 0,理学院,选修
10,A1050200,法语1,2,32 | 0 | 0 | 0,外国语学院,选修
11,A1050180,德语1,2,32 | 0 | 0 | 0,外国语学院,选修
12,A2110180,计算方法,2,32 | 0 | 0 | 0,理学院,选修
13,A2040360,面向对象程序设计-C++,3,32 | 16 | 0 | 0,计算机科学与技术学院,选修
14,A2040370,面向对象程序设计-JAVA,3,32 | 16 | 0 | 0,计算机科学与技术学院,选修
15,A1050060,综合英语,4,64 | 0 | 0 | 0,外国语学院,选修
16,A1050080,高级口语,2,32 | 0 | 0 | 0,外国语学院,选修
17,A1050090,影视英语与文化,2,32 | 0 | 0 | 0,外国语学院,选修
18,A1050100,中国文化传播,2,32 | 0 | 0 | 0,外国语学院,选修
19,A1050110,英语国家社会与文化,2,32 | 0 | 0 | 0,外国语学院,选修
20,A1050120,国际职场文化,2,32 | 0 | 0 | 0,外国语学院,选修
21,A1050130,跨文化沟通,2,32 | 0 | 0 | 0,外国语学院,选修
22,A1050140,商务交际英语,2,32 | 0 | 0 | 0,外国语学院,选修
23,A1050150,科技英语,2,32 | 0 | 0 | 0,外国语学院,选修
1,A1050160,日语1,2,32 | 0 | 0 | 0,外国语学院,选修
2,A1050200,法语1,2,32 | 0 | 0 | 0,外国语学院,选修
3,A1050180,德语1,2,32 | 0 | 0 | 0,外国语学院,选修
4,A1050060,综合英语,4,64 | 0 | 0 | 0,外国语学院,选修
5,A1050080,高级口语,2,32 | 0 | 0 | 0,外国语学院,选修
6,A1050090,影视英语与文化,2,32 | 0 | 0 | 0,外国语学院,选修
7,A1050100,中国文化传播,2,32 | 0 | 0 | 0,外国语学院,选修
8,A1050110,英语国家社会与文化,2,32 | 0 | 0 | 0,外国语学院,选修
9,A1050120,国际职场文化,2,32 | 0 | 0 | 0,外国语学院,选修
10,A1050130,跨文化沟通,2,32 | 0 | 0 | 0,外国语学院,选修
11,A1050140,商务交际英语,2,32 | 0 | 0 | 0,外国语学院,选修
12,A1050150,科技英语,2,32 | 0 | 0 | 0,外国语学院,选修
13,A1090030,体育（俱乐部）,0.5,16 | 0 | 0 | 0,体育学院,选修
1,A2070161,经济法A,3,48 | 0 | 0 | 0,网络空间安全与信息法学院,必修
2,A2070170,课程设计(法学),2,0 | 0 | 2.0周 | 0,网络空间安全与信息法学院,必修
3,A2070230,商法,3,48 | 0 | 0 | 0,网络空间安全与信息法学院,必修
4,A2070590,网络犯罪,3,32 | 16 | 0 | 0,网络空间安全与信息法学院,必修
5,A2070570,模拟审判（一）,1,0 | 0 | 1.0周 | 0,网络空间安全与信息法学院,必修
6,A2070340,行政法与行政诉讼法,3,48 | 0 | 0 | 0,网络空间安全与信息法学院,必修
7,A200001H,认识实习,0.5,0 | 0 | 0.5周 | 0,网络空间安全与信息法学院,必修
8,A2070540,法律专业英语,2,32 | 0 | 0 | 0,网络空间安全与信息法学院,选修
1,A2070220,商标法A,3,48 | 0 | 0 | 0,网络空间安全与信息法学院,必修
2,A2070230,商法,3,48 | 0 | 0 | 0,网络空间安全与信息法学院,必修
3,A2070660,课程设计（知识产权）,2,0 | 0 | 2.0周 | 0,网络空间安全与信息法学院,必修
4,A2070500,著作权法,3,48 | 0 | 0 | 0,网络空间安全与信息法学院,必修
5,A2070510,专利法A,3,48 | 0 | 0 | 0,网络空间安全与信息法学院,必修
6,A2070340,行政法与行政诉讼法,3,48 | 0 | 0 | 0,网络空间安全与信息法学院,必修
7,A2070360,知识产权案件模拟审判（一）,1,0 | 0 | 1.0周 | 0,网络空间安全与信息法学院,必修
8,A200001H,认识实习,0.5,0 | 0 | 0.5周 | 0,网络空间安全与信息法学院,必修
1,A2080800,自动化与电气工程类基础实验,2,0 | 32 | 0 | 0,自动化学院,必修
2,A2080810,自动控制原理A,4,64 | 0 | 0 | 0,自动化学院,必修
3,A2080820,单片机系统基础实验,1.5,0 | 24 | 0 | 0,自动化学院,必修
4,A2080110,传感器与自动检测技术,2.5,40 | 0 | 0 | 0,自动化学院,必修
5,A2020390,数字与逻辑电路基础,3,48 | 0 | 0 | 0,光电工程学院,必修
6,A2021230,数字电路与逻辑设计实验B,1,0 | 16 | 0 | 0,光电工程学院,必修
7,A1090030,体育（俱乐部）,0.5,16 | 0 | 0 | 0,体育学院,必修
8,A1050160,日语1,2,32 | 0 | 0 | 0,外国语学院,选修
9,A1050200,法语1,2,32 | 0 | 0 | 0,外国语学院,选修
10,A1050180,德语1,2,32 | 0 | 0 | 0,外国语学院,选修
11,A1050060,综合英语,4,64 | 0 | 0 | 0,外国语学院,选修
12,A1050080,高级口语,2,32 | 0 | 0 | 0,外国语学院,选修
13,A1050090,影视英语与文化,2,32 | 0 | 0 | 0,外国语学院,选修
14,A1050100,中国文化传播,2,32 | 0 | 0 | 0,外国语学院,选修
15,A1050110,英语国家社会与文化,2,32 | 0 | 0 | 0,外国语学院,选修
16,A1050120,国际职场文化,2,32 | 0 | 0 | 0,外国语学院,选修
17,A1050130,跨文化沟通,2,32 | 0 | 0 | 0,外国语学院,选修
18,A1050140,商务交际英语,2,32 | 0 | 0 | 0,外国语学院,选修
19,A1050150,科技英语,2,32 | 0 | 0 | 0,外国语学院,选修
1,A2081040,专业实习,0.5,0 | 0 | 0.5周 | 0,自动化学院,必修
2,A2080140,电机学,4,64 | 0 | 0 | 0,自动化学院,必修
3,A2080010,电装实习,1,0 | 0 | 1.0周 | 0,自动化学院,必修
4,A2080250,电气工程专业概论,0.5,8 | 0 | 0 | 0,自动化学院,选修
1,A2081040,专业实习,0.5,0 | 0 | 0.5周 | 0,自动化学院,必修
2,A2080420,课程设计（传感器与检测技术）,1.5,0 | 0 | 1.5周 | 0,自动化学院,必修
3,A2080090,测量原理,2,32 | 0 | 0 | 0,自动化学院,必修
4,A2080010,电装实习,1,0 | 0 | 1.0周 | 0,自动化学院,必修
5,A2080060,测控专业概论,0.5,8 | 0 | 0 | 0,自动化学院,选修
1,A2081040,专业实习,0.5,0 | 0 | 0.5周 | 0,自动化学院,必修
2,A2080940,物联网通信技术基础,3,48 | 0 | 0 | 0,自动化学院,必修
3,A2080010,电装实习,1,0 | 0 | 1.0周 | 0,自动化学院,必修
1,A2081040,专业实习,0.5,0 | 0 | 0.5周 | 0,自动化学院,必修
2,A2080010,电装实习,1,0 | 0 | 1.0周 | 0,自动化学院,必修
3,A2080760,自动化（专业）概论,0.5,8 | 0 | 0 | 0,自动化学院,选修
4,A2080290,高级软件设计,2,32 | 0 | 0 | 0,自动化学院,选修
1,A2081040,专业实习,0.5,0 | 0 | 0.5周 | 0,自动化学院,必修
2,A2080140,电机学,4,64 | 0 | 0 | 0,自动化学院,必修
3,A2080010,电装实习,1,0 | 0 | 1.0周 | 0,自动化学院,必修
4,A2080680,智能电网信息工程专业概论,0.5,8 | 0 | 0 | 0,自动化学院,选修
1,A2081200,自动控制工程模块(1)(电力电子),3.5,48 | 8 | 0 | 0,自动化学院,必修
2,A2081120,控制系统理论与方法(2)(现代控制理论),2,32 | 0 | 0 | 0,自动化学院,必修
3,A2081270,控制系统开发技术(3)(单片机),4,44 | 20 | 0 | 0,自动化学院,必修
4,A2081360,自动化技术基础(3)(传感器),4,48 | 16 | 0 | 0,自动化学院,必修
5,A200001J,认识实习,1,0 | 0 | 1.0周 | 0,自动化学院,必修
6,A1090030,体育（俱乐部）,0.5,16 | 0 | 0 | 0,体育学院,必修
7,A1050160,日语1,2,32 | 0 | 0 | 0,外国语学院,选修
8,A1050200,法语1,2,32 | 0 | 0 | 0,外国语学院,选修
9,A1050180,德语1,2,32 | 0 | 0 | 0,外国语学院,选修
10,A2081190,自动化专题讲座(4),0.5,8 | 0 | 0 | 0,自动化学院,选修
11,A2081310,网络化控制系统(1)(自动化网络),3,40 | 8 | 0 | 0,自动化学院,选修
12,A1050060,综合英语,4,64 | 0 | 0 | 0,外国语学院,选修
13,A1050080,高级口语,2,32 | 0 | 0 | 0,外国语学院,选修
14,A1050090,影视英语与文化,2,32 | 0 | 0 | 0,外国语学院,选修
15,A1050100,中国文化传播,2,32 | 0 | 0 | 0,外国语学院,选修
16,A1050110,英语国家社会与文化,2,32 | 0 | 0 | 0,外国语学院,选修
17,A1050120,国际职场文化,2,32 | 0 | 0 | 0,外国语学院,选修
18,A1050130,跨文化沟通,2,32 | 0 | 0 | 0,外国语学院,选修
19,A1050140,商务交际英语,2,32 | 0 | 0 | 0,外国语学院,选修
20,A1050150,科技英语,2,32 | 0 | 0 | 0,外国语学院,选修
1,A2090630,运动训练学,3,48 | 0 | 0 | 0,体育学院,必修
2,A2090410,田径1,3,48 | 0 | 0 | 0,体育学院,必修
3,A2090300,体育经济学,2,32 | 0 | 0 | 0,体育学院,必修
4,A2090080,教育学,2,32 | 0 | 0 | 0,体育学院,必修
5,A1100040,中国近现代史纲要,2,20 | 0 | 0 | 12,马克思主义学院,必修
6,A2031240,市场营销学A,3,48 | 0 | 0 | 0,经济管理学院,必修
7,A2032000,SPSS软件应用,2,0 | 0 | 2.0周 | 0,经济管理学院,必修
8,A2031210,市场调查与预测B,2,32 | 0 | 0 | 0,经济管理学院,选修
9,A1050160,日语1,2,32 | 0 | 0 | 0,外国语学院,选修
10,A1050200,法语1,2,32 | 0 | 0 | 0,外国语学院,选修
11,A1050180,德语1,2,32 | 0 | 0 | 0,外国语学院,选修
12,A2090220,器械健身理论与实践1,4,64 | 0 | 0 | 0,体育学院,选修
13,A2090110,篮球理论与实践1,4,64 | 0 | 0 | 0,体育学院,选修
14,A2090170,乒乓球理论与实践1,4,64 | 0 | 0 | 0,体育学院,选修
15,A2090030,健美操/舞蹈理论与实践1,4,64 | 0 | 0 | 0,体育学院,选修
16,A2090370,体育史,2,32 | 0 | 0 | 0,体育学院,选修
17,A2090380,体育统计,2,32 | 0 | 0 | 0,体育学院,选修
18,A2090480,武术理论与实践1,4,64 | 0 | 0 | 0,体育学院,选修
19,A2090440,网球理论与实践1,4,64 | 0 | 0 | 0,体育学院,选修
20,A2090580,羽毛球理论与实践1,4,64 | 0 | 0 | 0,体育学院,选修
21,A2090660,足球理论与实践1,4,64 | 0 | 0 | 0,体育学院,选修
22,A2090640,运动营养学,2,32 | 0 | 0 | 0,体育学院,选修
23,A1050060,综合英语,4,64 | 0 | 0 | 0,外国语学院,选修
24,A1050080,高级口语,2,32 | 0 | 0 | 0,外国语学院,选修
25,A1050090,影视英语与文化,2,32 | 0 | 0 | 0,外国语学院,选修
26,A1050100,中国文化传播,2,32 | 0 | 0 | 0,外国语学院,选修
27,A1050110,英语国家社会与文化,2,32 | 0 | 0 | 0,外国语学院,选修
28,A1050120,国际职场文化,2,32 | 0 | 0 | 0,外国语学院,选修
29,A1050130,跨文化沟通,2,32 | 0 | 0 | 0,外国语学院,选修
30,A1050140,商务交际英语,2,32 | 0 | 0 | 0,外国语学院,选修
31,A1050150,科技英语,2,32 | 0 | 0 | 0,外国语学院,选修
1,A1100050,毛泽东思想和中国特色社会主义理论体系概论,6,48 | 0 | 1.5周 | 24,马克思主义学院,必修
2,A1090030,体育（俱乐部）,0.5,16 | 0 | 0 | 0,体育学院,必修
3,A1050200,法语1,2,32 | 0 | 0 | 0,外国语学院,选修
4,A1050180,德语1,2,32 | 0 | 0 | 0,外国语学院,选修
5,A1050160,日语1,2,32 | 0 | 0 | 0,外国语学院,选修
6,A1050060,综合英语,4,64 | 0 | 0 | 0,外国语学院,选修
7,A1050080,高级口语,2,32 | 0 | 0 | 0,外国语学院,选修
8,A1050090,影视英语与文化,2,32 | 0 | 0 | 0,外国语学院,选修
9,A1050100,中国文化传播,2,32 | 0 | 0 | 0,外国语学院,选修
10,A1050110,英语国家社会与文化,2,32 | 0 | 0 | 0,外国语学院,选修
11,A1050120,国际职场文化,2,32 | 0 | 0 | 0,外国语学院,选修
12,A1050130,跨文化沟通,2,32 | 0 | 0 | 0,外国语学院,选修
13,A1050140,商务交际英语,2,32 | 0 | 0 | 0,外国语学院,选修
14,A1050150,科技英语,2,32 | 0 | 0 | 0,外国语学院,选修
1,A2110120,概率论与数理统计A,5,80 | 0 | 0 | 0,理学院,必修
2,A1040090,数据库技术及应用,3,32 | 16 | 0 | 0,计算机科学与技术学院,必修
3,A2110481,数学建模与实验,3,32 | 16 | 0 | 0,理学院,选修
4,A2110190,课程设计（计算方法）,1,0 | 0 | 1.0周 | 0,理学院,选修
5,A2110180,计算方法,2,32 | 0 | 0 | 0,理学院,选修
6,A2110900,普通物理实验B2,1,0 | 16 | 0 | 0,理学院,选修
7,A2040200,课程设计(操作系统),1,0 | 0 | 1.0周 | 0,计算机科学与技术学院,选修
8,A2040030,操作系统,3,48 | 0 | 0 | 0,计算机科学与技术学院,选修
9,A1040060,Java程序设计,3,32 | 16 | 0 | 0,计算机科学与技术学院,选修
1,A2110121,概率论与数理统计B,4,64 | 0 | 0 | 0,理学院,必修
2,A2110481,数学建模与实验,3,32 | 16 | 0 | 0,理学院,必修
3,A2110490,课程设计（数学建模与实验）,1,0 | 0 | 1.0周 | 0,理学院,必修
4,A2110510,数学物理方法（数学类）,4,64 | 0 | 0 | 0,理学院,必修
5,A2110420,数据采集与计算,2,0 | 32 | 0 | 0,理学院,必修
6,A2110900,普通物理实验B2,1,0 | 16 | 0 | 0,理学院,选修
7,A2040030,操作系统,3,48 | 0 | 0 | 0,计算机科学与技术学院,选修
8,A1040090,数据库技术及应用,3,32 | 16 | 0 | 0,计算机科学与技术学院,选修
1,A2110050,电动力学,3,48 | 0 | 0 | 0,理学院,必修
2,A2110840,原子物理学,2,32 | 0 | 0 | 0,理学院,必修
3,A2110770,近代物理实验,3,0 | 48 | 0 | 0,理学院,必修
4,A1100050,毛泽东思想和中国特色社会主义理论体系概论,6,48 | 0 | 1.5周 | 24,马克思主义学院,必修
5,A1110140,概率论与数理统计,3,48 | 0 | 0 | 0,理学院,必修
6,A1090030,体育（俱乐部）,0.5,16 | 0 | 0 | 0,体育学院,必修
7,A1050200,法语1,2,32 | 0 | 0 | 0,外国语学院,选修
8,A1050180,德语1,2,32 | 0 | 0 | 0,外国语学院,选修
9,A1050090,影视英语与文化,2,32 | 0 | 0 | 0,外国语学院,选修
10,A1050110,英语国家社会与文化,2,32 | 0 | 0 | 0,外国语学院,选修
11,A1050130,跨文化沟通,2,32 | 0 | 0 | 0,外国语学院,选修
12,A1050150,科技英语,2,32 | 0 | 0 | 0,外国语学院,选修
13,A1050160,日语1,2,32 | 0 | 0 | 0,外国语学院,选修
14,A2021230,数字电路与逻辑设计实验B,1,0 | 16 | 0 | 0,光电工程学院,选修
15,A2020390,数字与逻辑电路基础,3,48 | 0 | 0 | 0,光电工程学院,选修
16,A1050060,综合英语,4,64 | 0 | 0 | 0,外国语学院,选修
1,A1100040,中国近现代史纲要,2,20 | 0 | 0 | 12,马克思主义学院,必修
2,A2121150,影视特效与包装,2,16 | 16 | 0 | 0,传媒艺术学院,必修
3,A2121100,影视导演基础,3,24 | 24 | 0 | 0,传媒艺术学院,必修
4,A2121010,戏剧艺术概论,3,48 | 0 | 0 | 0,传媒艺术学院,必修
5,A2121210,影视作品分析4,1.5,24 | 0 | 0 | 0,传媒艺术学院,必修
6,A1090030,体育（俱乐部）,0.5,16 | 0 | 0 | 0,体育学院,必修
7,A2120970,微电影创作,3,24 | 24 | 0 | 0,传媒艺术学院,选修
8,A2121270,中外影视发展史,3,48 | 0 | 0 | 0,传媒艺术学院,选修
9,A2121250,中国传统文化,2,32 | 0 | 0 | 0,传媒艺术学院,选修
10,A1050180,德语1,2,32 | 0 | 0 | 0,外国语学院,选修
11,A1050160,日语1,2,32 | 0 | 0 | 0,外国语学院,选修
12,A1050200,法语1,2,32 | 0 | 0 | 0,外国语学院,选修
13,A2120290,电视广告策划与创意,3,24 | 24 | 0 | 0,传媒艺术学院,选修
14,A2120100,播音基础与主持艺术,3,24 | 24 | 0 | 0,传媒艺术学院,选修
15,A1050060,综合英语,4,64 | 0 | 0 | 0,外国语学院,选修
16,A1050080,高级口语,2,32 | 0 | 0 | 0,外国语学院,选修
17,A1050090,影视英语与文化,2,32 | 0 | 0 | 0,外国语学院,选修
18,A1050100,中国文化传播,2,32 | 0 | 0 | 0,外国语学院,选修
19,A1050110,英语国家社会与文化,2,32 | 0 | 0 | 0,外国语学院,选修
20,A1050120,国际职场文化,2,32 | 0 | 0 | 0,外国语学院,选修
21,A1050130,跨文化沟通,2,32 | 0 | 0 | 0,外国语学院,选修
22,A1050140,商务交际英语,2,32 | 0 | 0 | 0,外国语学院,选修
23,A1050150,科技英语,2,32 | 0 | 0 | 0,外国语学院,选修
1,A1100040,中国近现代史纲要,2,20 | 0 | 0 | 12,马克思主义学院,必修
2,A1090030,体育（俱乐部）,0.5,16 | 0 | 0 | 0,体育学院,必修
3,A1050180,德语1,2,32 | 0 | 0 | 0,外国语学院,选修
4,A1050160,日语1,2,32 | 0 | 0 | 0,外国语学院,选修
5,A1050200,法语1,2,32 | 0 | 0 | 0,外国语学院,选修
6,A1050060,综合英语,4,64 | 0 | 0 | 0,外国语学院,选修
7,A1050080,高级口语,2,32 | 0 | 0 | 0,外国语学院,选修
8,A1050090,影视英语与文化,2,32 | 0 | 0 | 0,外国语学院,选修
9,A1050100,中国文化传播,2,32 | 0 | 0 | 0,外国语学院,选修
10,A1050110,英语国家社会与文化,2,32 | 0 | 0 | 0,外国语学院,选修
11,A1050120,国际职场文化,2,32 | 0 | 0 | 0,外国语学院,选修
12,A1050130,跨文化沟通,2,32 | 0 | 0 | 0,外国语学院,选修
13,A1050140,商务交际英语,2,32 | 0 | 0 | 0,外国语学院,选修
14,A1050150,科技英语,2,32 | 0 | 0 | 0,外国语学院,选修
1,A2120590,空间、结构、形式,4,0 | 64 | 0 | 0,传媒艺术学院,必修
2,A2120490,环境艺术专业考查,2,0 | 0 | 2.0周 | 0,传媒艺术学院,必修
3,A2120460,环境设计3D软件,4,0 | 64 | 0 | 0,传媒艺术学院,必修
4,A2121930,建筑设计史,2,32 | 0 | 0 | 0,传媒艺术学院,必修
5,A2120630,人机工程学,3,0 | 48 | 0 | 0,传媒艺术学院,选修
1,A2120620,平面广告设计,4,0 | 64 | 0 | 0,传媒艺术学院,必修
2,A2120450,广告策划,3,0 | 48 | 0 | 0,传媒艺术学院,必修
3,A2120860,视觉传达专业考查,2,0 | 0 | 2.0周 | 0,传媒艺术学院,必修
4,A2120750,设计史,2,32 | 0 | 0 | 0,传媒艺术学院,必修
5,A2120700,商业摄影,2,0 | 32 | 0 | 0,传媒艺术学院,选修
1,A2120160,产品材料与工艺,3,16 | 32 | 0 | 0,传媒艺术学院,必修
2,A2120220,产品设计专业考查,2,0 | 0 | 2.0周 | 0,传媒艺术学院,必修
3,A2121920,产品设计方法学,3,0 | 48 | 0 | 0,传媒艺术学院,必修
4,A2121030,形态与结构,3,0 | 48 | 0 | 0,传媒艺术学院,必修
5,A2120810,设计心理学,2,32 | 0 | 0 | 0,传媒艺术学院,必修
6,A2120180,产品设计3D建模与渲染2,3,0 | 48 | 0 | 0,传媒艺术学院,选修
7,A2120820,生态设计,2,0 | 32 | 0 | 0,传媒艺术学院,选修
1,A1090030,体育（俱乐部）,0.5,16 | 0 | 0 | 0,体育学院,必修
2,A1050180,德语1,2,32 | 0 | 0 | 0,外国语学院,选修
3,A1050160,日语1,2,32 | 0 | 0 | 0,外国语学院,选修
4,A1050200,法语1,2,32 | 0 | 0 | 0,外国语学院,选修
5,A1050060,综合英语,4,64 | 0 | 0 | 0,外国语学院,选修
6,A1050080,高级口语,2,32 | 0 | 0 | 0,外国语学院,选修
7,A1050090,影视英语与文化,2,32 | 0 | 0 | 0,外国语学院,选修
8,A1050100,中国文化传播,2,32 | 0 | 0 | 0,外国语学院,选修
9,A1050110,英语国家社会与文化,2,32 | 0 | 0 | 0,外国语学院,选修
10,A1050120,国际职场文化,2,32 | 0 | 0 | 0,外国语学院,选修
11,A1050130,跨文化沟通,2,32 | 0 | 0 | 0,外国语学院,选修
12,A1050140,商务交际英语,2,32 | 0 | 0 | 0,外国语学院,选修
13,A1050150,科技英语,2,32 | 0 | 0 | 0,外国语学院,选修
1,A2121700,动画后期合成,4,32 | 32 | 0 | 0,传媒艺术学院,必修
2,A2120360,动画运动规律,3,24 | 24 | 0 | 0,传媒艺术学院,必修
3,A2121840,三维动画基础2,3,16 | 32 | 0 | 0,传媒艺术学院,必修
4,A2121760,动画影片分析2,2,16 | 16 | 0 | 0,传媒艺术学院,选修
5,A2121890,西方美术史,2,32 | 0 | 0 | 0,传媒艺术学院,选修
1,A2121630,CI设计,3,24 | 24 | 0 | 0,传媒艺术学院,必修
2,A2120690,三维软件基础2,3,16 | 32 | 0 | 0,传媒艺术学院,必修
3,A2120640,人机交互设计,3,16 | 32 | 0 | 0,传媒艺术学院,必修
4,A2121530,图形创意,3,24 | 24 | 0 | 0,传媒艺术学院,选修
5,A2120380,多媒体技术,3,24 | 24 | 0 | 0,传媒艺术学院,选修
1,A1100040,中国近现代史纲要,2,20 | 0 | 0 | 12,马克思主义学院,必修
2,A2121210,影视作品分析4,1.5,24 | 0 | 0 | 0,传媒艺术学院,必修
3,A2121010,戏剧艺术概论,3,48 | 0 | 0 | 0,传媒艺术学院,必修
4,A2121100,影视导演基础,3,24 | 24 | 0 | 0,传媒艺术学院,必修
5,A2121150,影视特效与包装,2,16 | 16 | 0 | 0,传媒艺术学院,必修
6,A1090030,体育（俱乐部）,0.5,16 | 0 | 0 | 0,体育学院,必修
7,A2121270,中外影视发展史,3,48 | 0 | 0 | 0,传媒艺术学院,选修
8,A2121250,中国传统文化,2,32 | 0 | 0 | 0,传媒艺术学院,选修
9,A1050180,德语1,2,32 | 0 | 0 | 0,外国语学院,选修
10,A1050160,日语1,2,32 | 0 | 0 | 0,外国语学院,选修
11,A1050200,法语1,2,32 | 0 | 0 | 0,外国语学院,选修
12,A2120100,播音基础与主持艺术,3,24 | 24 | 0 | 0,传媒艺术学院,选修
13,A1050060,综合英语,4,64 | 0 | 0 | 0,外国语学院,选修
14,A1050080,高级口语,2,32 | 0 | 0 | 0,外国语学院,选修
15,A1050090,影视英语与文化,2,32 | 0 | 0 | 0,外国语学院,选修
16,A1050100,中国文化传播,2,32 | 0 | 0 | 0,外国语学院,选修
17,A1050110,英语国家社会与文化,2,32 | 0 | 0 | 0,外国语学院,选修
18,A1050120,国际职场文化,2,32 | 0 | 0 | 0,外国语学院,选修
19,A1050130,跨文化沟通,2,32 | 0 | 0 | 0,外国语学院,选修
20,A1050140,商务交际英语,2,32 | 0 | 0 | 0,外国语学院,选修
21,A1050150,科技英语,2,32 | 0 | 0 | 0,外国语学院,选修
1,A2130600,软件分析与设计,2,32 | 0 | 0 | 0,软件工程学院,必修
2,A2130360,计算机组成原理,2,32 | 0 | 0 | 0,软件工程学院,必修
3,A2130340,汇编语言程序设计,2,16 | 16 | 0 | 0,软件工程学院,必修
4,A1100030,马克思主义基本原理,3,32 | 0 | 0 | 16,马克思主义学院,必修
5,A1090030,体育（俱乐部）,0.5,16 | 0 | 0 | 0,体育学院,必修
6,A1050160,日语1,2,32 | 0 | 0 | 0,外国语学院,选修
7,A1050200,法语1,2,32 | 0 | 0 | 0,外国语学院,选修
8,A1050180,德语1,2,32 | 0 | 0 | 0,外国语学院,选修
9,A2130220,数字媒体技术,2,32 | 0 | 0 | 0,软件工程学院,选修
10,A2130220,数字媒体技术,2,32 | 0 | 0 | 0,软件工程学院,选修
11,A2130250,数字通信技术,2,16 | 16 | 0 | 0,软件工程学院,选修
12,A2130090,软件测试方法与技术,2,16 | 16 | 0 | 0,软件工程学院,选修
13,A2130030,程序设计 (3) (.Net平台),6,48 | 48 | 0 | 0,软件工程学院,选修
14,A2130040,程序设计 (4) (Java平台),6,48 | 48 | 0 | 0,软件工程学院,选修
15,A2030150,金融学,3,48 | 0 | 0 | 0,经济管理学院,选修
16,A1050060,综合英语,4,64 | 0 | 0 | 0,外国语学院,选修
17,A1050080,高级口语,2,32 | 0 | 0 | 0,外国语学院,选修
18,A1050090,影视英语与文化,2,32 | 0 | 0 | 0,外国语学院,选修
19,A1050100,中国文化传播,2,32 | 0 | 0 | 0,外国语学院,选修
20,A1050110,英语国家社会与文化,2,32 | 0 | 0 | 0,外国语学院,选修
21,A1050120,国际职场文化,2,32 | 0 | 0 | 0,外国语学院,选修
22,A1050130,跨文化沟通,2,32 | 0 | 0 | 0,外国语学院,选修
23,A1050140,商务交际英语,2,32 | 0 | 0 | 0,外国语学院,选修
24,A1050150,科技英语,2,32 | 0 | 0 | 0,外国语学院,选修
1,A2130600,软件分析与设计,2,32 | 0 | 0 | 0,软件工程学院,必修
2,A2130360,计算机组成原理,2,32 | 0 | 0 | 0,软件工程学院,必修
3,A2130340,汇编语言程序设计,2,16 | 16 | 0 | 0,软件工程学院,必修
4,A1100030,马克思主义基本原理,3,32 | 0 | 0 | 16,马克思主义学院,必修
5,A2051000,英语视听说4,2,32 | 0 | 0 | 0,外国语学院,必修
6,A1090030,体育（俱乐部）,0.5,16 | 0 | 0 | 0,体育学院,必修
7,A2130030,程序设计 (3) (.Net平台),6,48 | 48 | 0 | 0,软件工程学院,选修
8,A2130040,程序设计 (4) (Java平台),6,48 | 48 | 0 | 0,软件工程学院,选修
9,A2051120,综合英语4,1,16 | 0 | 0 | 0,外国语学院,选修
10,A2050690,英语演讲与辩论,2,32 | 0 | 0 | 0,外国语学院,选修
1,A2130600,软件分析与设计,2,32 | 0 | 0 | 0,软件工程学院,必修
2,A2130360,计算机组成原理,2,32 | 0 | 0 | 0,软件工程学院,必修
3,A2130340,汇编语言程序设计,2,16 | 16 | 0 | 0,软件工程学院,必修
4,A1100030,马克思主义基本原理,3,32 | 0 | 0 | 16,马克思主义学院,必修
5,A2050880,日语精读4,3,48 | 0 | 0 | 0,外国语学院,必修
6,A1090030,体育（俱乐部）,0.5,16 | 0 | 0 | 0,体育学院,必修
7,A2130030,程序设计 (3) (.Net平台),6,48 | 48 | 0 | 0,软件工程学院,选修
8,A2130040,程序设计 (4) (Java平台),6,48 | 48 | 0 | 0,软件工程学院,选修
9,A2050920,日语视听说4,2,32 | 0 | 0 | 0,外国语学院,选修
1,A2130600,软件分析与设计,2,32 | 0 | 0 | 0,软件工程学院,必修
2,A2130360,计算机组成原理,2,32 | 0 | 0 | 0,软件工程学院,必修
3,A2130340,汇编语言程序设计,2,16 | 16 | 0 | 0,软件工程学院,必修
4,A1100030,马克思主义基本原理,3,32 | 0 | 0 | 16,马克思主义学院,必修
5,A1090030,体育（俱乐部）,0.5,16 | 0 | 0 | 0,体育学院,必修
6,A1050160,日语1,2,32 | 0 | 0 | 0,外国语学院,选修
7,A1050200,法语1,2,32 | 0 | 0 | 0,外国语学院,选修
8,A1050180,德语1,2,32 | 0 | 0 | 0,外国语学院,选修
9,A2130560,软件前沿技术,2,32 | 0 | 0 | 0,软件工程学院,选修
10,A2130030,程序设计 (3) (.Net平台),6,48 | 48 | 0 | 0,软件工程学院,选修
11,A2130040,程序设计 (4) (Java平台),6,48 | 48 | 0 | 0,软件工程学院,选修
12,A1050060,综合英语,4,64 | 0 | 0 | 0,外国语学院,选修
13,A1050080,高级口语,2,32 | 0 | 0 | 0,外国语学院,选修
14,A1050090,影视英语与文化,2,32 | 0 | 0 | 0,外国语学院,选修
15,A1050100,中国文化传播,2,32 | 0 | 0 | 0,外国语学院,选修
16,A1050110,英语国家社会与文化,2,32 | 0 | 0 | 0,外国语学院,选修
17,A1050120,国际职场文化,2,32 | 0 | 0 | 0,外国语学院,选修
18,A1050130,跨文化沟通,2,32 | 0 | 0 | 0,外国语学院,选修
19,A1050140,商务交际英语,2,32 | 0 | 0 | 0,外国语学院,选修
20,A1050150,科技英语,2,32 | 0 | 0 | 0,外国语学院,选修
1,A1110140,概率论与数理统计,3,48 | 0 | 0 | 0,理学院,必修
2,A2140160,机械原理,3.5,56 | 0 | 0 | 0,先进制造工程学院,必修
3,A2140170,机械制造与互换性基础,2,32 | 0 | 0 | 0,先进制造工程学院,必修
4,A2140330,机械控制工程基础(上),2,32 | 0 | 0 | 0,先进制造工程学院,必修
5,A2140011,金工实习A,2,0 | 0 | 2.0周 | 0,先进制造工程学院,必修
6,A2140020,材料力学,3.5,56 | 0 | 0 | 0,先进制造工程学院,必修
7,A2140030,单片机原理与应用,3,32 | 16 | 0 | 0,先进制造工程学院,必修
8,A1090030,体育（俱乐部）,0.5,16 | 0 | 0 | 0,体育学院,必修
9,A1050200,法语1,2,32 | 0 | 0 | 0,外国语学院,选修
10,A1050180,德语1,2,32 | 0 | 0 | 0,外国语学院,选修
11,A1050160,日语1,2,32 | 0 | 0 | 0,外国语学院,选修
12,A1050080,高级口语,2,32 | 0 | 0 | 0,外国语学院,选修
13,A1050090,影视英语与文化,2,32 | 0 | 0 | 0,外国语学院,选修
14,A1050100,中国文化传播,2,32 | 0 | 0 | 0,外国语学院,选修
15,A1050110,英语国家社会与文化,2,32 | 0 | 0 | 0,外国语学院,选修
16,A1050120,国际职场文化,2,32 | 0 | 0 | 0,外国语学院,选修
17,A1050130,跨文化沟通,2,32 | 0 | 0 | 0,外国语学院,选修
18,A1050060,综合英语,4,64 | 0 | 0 | 0,外国语学院,选修
1,A2010530,现代通信网络A,4,64 | 0 | 0 | 0,通信与信息工程学院,必修
2,A2010560,信号与系统B,4,64 | 0 | 0 | 0,通信与信息工程学院,必修
3,A2010820,无线通信电波传播与天线,3,40 | 8 | 0 | 0,通信与信息工程学院,必修
4,A2021350,电子电路基础B,3.5,40 | 16 | 0 | 0,光电工程学院,必修
5,A2051120,综合英语4,1,16 | 0 | 0 | 0,外国语学院,必修
6,A2080010,电装实习,1,0 | 0 | 1.0周 | 0,自动化学院,必修
7,A2150090,英语视听说 4,1,16 | 0 | 0 | 0,国际学院,必修
8,A1090030,体育（俱乐部）,0.5,16 | 0 | 0 | 0,体育学院,必修
9,A2051080,英语中级新闻听力2,1,16 | 0 | 0 | 0,外国语学院,选修
10,A2150050,学术英语写作,2,32 | 0 | 0 | 0,国际学院,选修
11,A2150120,英语演讲与辩论,2,32 | 0 | 0 | 0,国际学院,选修
1,A1100030,马克思主义基本原理,3,32 | 0 | 0 | 16,马克思主义学院,必修
2,A2011290,信号与系统（美方授课）,4,48 | 16 | 0 | 0,通信与信息工程学院,必修
3,A2110660,工程分析,4,64 | 0 | 0 | 0,理学院,必修
4,A2021320,电子学导论(美方授课),4,48 | 16 | 0 | 0,光电工程学院,必修
5,A1090030,体育（俱乐部）,0.5,16 | 0 | 0 | 0,体育学院,必修
6,A1100010,形势与政策,0,8 | 0 | 0 | 0,马克思主义学院,必修
7,A2011250,学术英语,2,32 | 0 | 0 | 0,通信与信息工程学院,选修
8,A1110180,数学建模B,2,32 | 0 | 0 | 0,理学院,选修
1,A1100050,毛泽东思想和中国特色社会主义理论体系概论,6,48 | 0 | 1.5周 | 24,马克思主义学院,必修
2,A2130730,软硬件接口程序设计,4,32 | 32 | 0 | 0,软件工程学院,必修
3,A1090030,体育（俱乐部）,0.5,16 | 0 | 0 | 0,体育学院,必修
4,A1100010,形势与政策,0,8 | 0 | 0 | 0,马克思主义学院,必修
5,A2051120,综合英语4,1,16 | 0 | 0 | 0,外国语学院,选修
1,A1110230,复变函数,2,32 | 0 | 0 | 0,理学院,必修
2,A2020530,半导体物理A,4,56 | 8 | 0 | 0,光电工程学院,必修
3,A2020730,微电子器件,4,56 | 8 | 0 | 0,光电工程学院,必修
4,A2020750,硬件描述语言,3,32 | 16 | 0 | 0,光电工程学院,必修
5,A2020810,电子技术实验B,1.5,0 | 24 | 0 | 0,光电工程学院,必修
6,A1090030,体育（俱乐部）,0.5,16 | 0 | 0 | 0,体育学院,必修
7,A2020880,嵌入式系统原理,2,32 | 0 | 0 | 0,光电工程学院,选修
8,A2020390,数字与逻辑电路基础,3,48 | 0 | 0 | 0,光电工程学院,选修
9,A2020400,数字与逻辑电路基础（双语）,3,48 | 0 | 0 | 0,光电工程学院,选修
10,A2020560,单片机原理及应用,2,32 | 0 | 0 | 0,光电工程学院,选修
11,A1050160,日语1,2,32 | 0 | 0 | 0,外国语学院,选修
12,A1050200,法语1,2,32 | 0 | 0 | 0,外国语学院,选修
13,A1050180,德语1,2,32 | 0 | 0 | 0,外国语学院,选修
14,A1050060,综合英语,4,64 | 0 | 0 | 0,外国语学院,选修
15,A1050080,高级口语,2,32 | 0 | 0 | 0,外国语学院,选修
16,A1050090,影视英语与文化,2,32 | 0 | 0 | 0,外国语学院,选修
17,A1050100,中国文化传播,2,32 | 0 | 0 | 0,外国语学院,选修
18,A1050110,英语国家社会与文化,2,32 | 0 | 0 | 0,外国语学院,选修
19,A1050120,国际职场文化,2,32 | 0 | 0 | 0,外国语学院,选修
20,A1050130,跨文化沟通,2,32 | 0 | 0 | 0,外国语学院,选修
21,A1050140,商务交际英语,2,32 | 0 | 0 | 0,外国语学院,选修
22,A1050150,科技英语,2,32 | 0 | 0 | 0,外国语学院,选修
1,A2020530,半导体物理A,4,56 | 8 | 0 | 0,光电工程学院,必修
2,A2020730,微电子器件,4,56 | 8 | 0 | 0,光电工程学院,必修
3,A2020750,硬件描述语言,3,32 | 16 | 0 | 0,光电工程学院,必修
4,A2020810,电子技术实验B,1.5,0 | 24 | 0 | 0,光电工程学院,必修
5,A1110230,复变函数,2,32 | 0 | 0 | 0,理学院,必修
6,A1090030,体育（俱乐部）,0.5,16 | 0 | 0 | 0,体育学院,必修
7,A1050160,日语1,2,32 | 0 | 0 | 0,外国语学院,选修
8,A1050200,法语1,2,32 | 0 | 0 | 0,外国语学院,选修
9,A1050180,德语1,2,32 | 0 | 0 | 0,外国语学院,选修
10,A2020560,单片机原理及应用,2,32 | 0 | 0 | 0,光电工程学院,选修
11,A2020390,数字与逻辑电路基础,3,48 | 0 | 0 | 0,光电工程学院,选修
12,A2020400,数字与逻辑电路基础（双语）,3,48 | 0 | 0 | 0,光电工程学院,选修
13,A2020880,嵌入式系统原理,2,32 | 0 | 0 | 0,光电工程学院,选修
14,A1050060,综合英语,4,64 | 0 | 0 | 0,外国语学院,选修
15,A1050080,高级口语,2,32 | 0 | 0 | 0,外国语学院,选修
16,A1050090,影视英语与文化,2,32 | 0 | 0 | 0,外国语学院,选修
17,A1050100,中国文化传播,2,32 | 0 | 0 | 0,外国语学院,选修
18,A1050110,英语国家社会与文化,2,32 | 0 | 0 | 0,外国语学院,选修
19,A1050120,国际职场文化,2,32 | 0 | 0 | 0,外国语学院,选修
20,A1050130,跨文化沟通,2,32 | 0 | 0 | 0,外国语学院,选修
21,A1050140,商务交际英语,2,32 | 0 | 0 | 0,外国语学院,选修
22,A1050150,科技英语,2,32 | 0 | 0 | 0,外国语学院,选修
